archivo,linea,funcion,titulo_o_expresion,categoria,severidad,estado
src/scan_titan/modules/advanced_logic.py,28,_websockets,'WebSocket endpoint discovered','Advanced','Info',legacy omitido con SessionManager
src/scan_titan/modules/advanced_logic.py,59,_race_conditions,'Race/concurrency response variance','Advanced','Low',legacy omitido con SessionManager
src/scan_titan/modules/advanced_logic.py,83,_logs,f'Exposed log/debug content: {path}','Advanced','High',"condicionado por datos, politica y validacion del modulo"
src/scan_titan/modules/api_dast.py,67,_openapi,'Public OpenAPI/Swagger specification exposed','API/Recon','Low',"condicionado por datos, politica y validacion del modulo"
src/scan_titan/modules/api_dast.py,117,_graphql,'GraphQL introspection enabled','API/GraphQL','Medium',"condicionado por datos, politica y validacion del modulo"
src/scan_titan/modules/api_dast.py,154,_sourcemaps,'JavaScript source map exposed','API/Recon','Low',"condicionado por datos, politica y validacion del modulo"
src/scan_titan/modules/api_dast.py,222,_json_body_reflection_tests,'JSON body reflection candidate','API/DAST','Medium',"condicionado por datos, politica y validacion del modulo"
src/scan_titan/modules/api_spa.py,164,_probe_api_surfaces,'Public directory listing exposed: /ftp','Exposure/API','Medium',"condicionado por datos, politica y validacion del modulo"
src/scan_titan/modules/api_spa.py,241,_juice_shop_login_bypass,'Authentication bypass via SQL injection on JSON login API','Auth/API','Critical',"condicionado por datos, politica y validacion del modulo"
src/scan_titan/modules/api_spa.py,178,_probe_api_surfaces,'Prometheus metrics endpoint exposed','Exposure/API','Medium',"condicionado por datos, politica y validacion del modulo"
src/scan_titan/modules/api_spa.py,257,_juice_shop_login_bypass,'Login API response exposes sensitive user fields','Auth/API','High',"condicionado por datos, politica y validacion del modulo"
src/scan_titan/modules/api_spa.py,192,_probe_api_surfaces,'Application version endpoint exposed','Exposure/API','Low' if is_juice_shop else 'Info',"condicionado por datos, politica y validacion del modulo"
src/scan_titan/modules/api_spa.py,206,_probe_api_surfaces,'Challenge/catalog API exposed','Exposure/API','Low',"condicionado por datos, politica y validacion del modulo"
src/scan_titan/modules/auth_session.py,306,_cookie_findings,'JavaScript references document.cookie','Session','Medium',"condicionado por datos, politica y validacion del modulo"
src/scan_titan/modules/auth_session.py,545,_csrf_findings,'State-changing form without visible CSRF token','Auth','Low',"condicionado por datos, politica y validacion del modulo"
src/scan_titan/modules/auth_session.py,118,_unauthenticated_routes,f'Authentication review candidate: {path}','Auth','Info',"condicionado por datos, politica y validacion del modulo"
src/scan_titan/modules/auth_session.py,182,_password_recovery,f'Password recovery endpoint discovered: {path}','Auth','Info',"condicionado por datos, politica y validacion del modulo"
src/scan_titan/modules/auth_session.py,341,_session_regeneration_profiles,'Session regeneration not observed for auth profile','Session','Low',legacy omitido con SessionManager
src/scan_titan/modules/auth_session.py,415,_jwt_findings,'JWT uses unsigned/null algorithm','JWT','Critical',"condicionado por datos, politica y validacion del modulo"
src/scan_titan/modules/auth_session.py,449,_jwt_findings,'JWT temporal claim weakness','JWT','Low',"condicionado por datos, politica y validacion del modulo"
src/scan_titan/modules/auth_session.py,470,_jwt_findings,'JWT contains sensitive-looking claims','JWT','Medium',"condicionado por datos, politica y validacion del modulo"
src/scan_titan/modules/auth_session.py,483,_jwt_findings,'JWT contains privileged boolean claim','JWT','Info',"condicionado por datos, politica y validacion del modulo"
src/scan_titan/modules/auth_session.py,496,_jwt_findings,'JWT contains privileged role claim','JWT','Info',"condicionado por datos, politica y validacion del modulo"
src/scan_titan/modules/auth_session.py,565,_mfa_findings,'Login form without visible MFA field','Auth','Info',"condicionado por datos, politica y validacion del modulo"
src/scan_titan/modules/auth_session.py,91,_controlled_credential_probe,'Credential probe candidate; identity not verified','Auth','Info',"condicionado por datos, politica y validacion del modulo"
src/scan_titan/modules/auth_session.py,158,_login_bypass,'Login bypass candidate; identity not verified','Auth','Info',"condicionado por datos, politica y validacion del modulo"
src/scan_titan/modules/auth_session.py,223,_cookie_findings,f'Cookie missing security flags: {name}','Session','Low',"condicionado por datos, politica y validacion del modulo"
src/scan_titan/modules/auth_session.py,237,_cookie_findings,f'Cookie SameSite=None without Secure: {name}','Session','Medium',"condicionado por datos, politica y validacion del modulo"
src/scan_titan/modules/auth_session.py,250,_cookie_findings,f'Session cookie value appears short: {name}','Session','Low',"condicionado por datos, politica y validacion del modulo"
src/scan_titan/modules/auth_session.py,263,_cookie_findings,f'Cookie value reflected in response body: {name}','Session','Medium',"condicionado por datos, politica y validacion del modulo"
src/scan_titan/modules/auth_session.py,276,_cookie_findings,f'Session cookie without explicit expiration: {name}','Session','Info',"condicionado por datos, politica y validacion del modulo"
src/scan_titan/modules/auth_session.py,290,_cookie_findings,f'Long-lived session cookie: {name}','Session','Low',"condicionado por datos, politica y validacion del modulo"
src/scan_titan/modules/auth_session.py,435,_jwt_findings,title,'JWT',severity,"condicionado por datos, politica y validacion del modulo"
src/scan_titan/modules/auth_session.py,515,_jwt_findings,'JWT signed with weak HMAC secret','JWT','Critical',"condicionado por datos, politica y validacion del modulo"
src/scan_titan/modules/authorization.py,48,_sensitive_routes,f'Sensitive route returned 200: {path}','Authorization','Info',"condicionado por datos, politica y validacion del modulo"
src/scan_titan/modules/authorization.py,99,_header_bypass,f'Header-based authorization bypass signal: {path}','Authorization','Info',"condicionado por datos, politica y validacion del modulo"
src/scan_titan/modules/authorization.py,196,_auth_profile_matrix,f'Anonymous access resembles authenticated profile: {path}','Authorization','Medium',legacy omitido con SessionManager
src/scan_titan/modules/authorization.py,136,_idor_and_tampering,f'Parameter tampering differential: {param}','Authorization','Medium',"condicionado por datos, politica y validacion del modulo"
src/scan_titan/modules/browser_audit.py,22,run,'Browser audit skipped: Playwright not installed','Browser','Info',"condicionado por datos, politica y validacion del modulo"
src/scan_titan/modules/browser_audit.py,140,_validated_dom_xss,'Validated DOM XSS dialog execution','Browser/DOM XSS','High',"condicionado por datos, politica y validacion del modulo"
src/scan_titan/modules/browser_audit.py,175,_crawl_routes,'Browser crawl identified login/auth routes','Browser/Recon','Info',"condicionado por datos, politica y validacion del modulo"
src/scan_titan/modules/browser_audit.py,37,run,'Browser audit skipped: Playwright import failed','Browser','Info',"condicionado por datos, politica y validacion del modulo"
src/scan_titan/modules/browser_audit.py,67,run,'Browser audit skipped or failed','Browser','Info',"condicionado por datos, politica y validacion del modulo"
src/scan_titan/modules/client_side.py,145,_dom_xss,'DOM XSS sink indicators detected','Client-Side','Medium',"condicionado por datos, politica y validacion del modulo"
src/scan_titan/modules/client_side.py,226,_headers,expansion dinamica,,,"condicionado por datos, politica y validacion del modulo"
src/scan_titan/modules/client_side.py,232,_headers,expansion dinamica,,,"condicionado por datos, politica y validacion del modulo"
src/scan_titan/modules/client_side.py,234,_headers,expansion dinamica,,,"condicionado por datos, politica y validacion del modulo"
src/scan_titan/modules/client_side.py,237,_headers,expansion dinamica,,,"condicionado por datos, politica y validacion del modulo"
src/scan_titan/modules/client_side.py,249,_waf_evasion,expansion dinamica,,,"condicionado por datos, politica y validacion del modulo"
src/scan_titan/modules/client_side.py,120,_stored_candidate,'Stored/reflected form input candidate','Client-Side','Medium',"condicionado por datos, politica y validacion del modulo"
src/scan_titan/modules/client_side.py,170,_front_end_tokens,'Front-end storage/cookie access pattern','Client-Side','Medium',"condicionado por datos, politica y validacion del modulo"
src/scan_titan/modules/client_side.py,216,_cors,expansion dinamica,,,"condicionado por datos, politica y validacion del modulo"
src/scan_titan/modules/client_side.py,230,_headers,expansion dinamica,,,"condicionado por datos, politica y validacion del modulo"
src/scan_titan/modules/client_side.py,184,_front_end_tokens,f'Front-end token/secret exposed: {label}','Client-Side',"'Critical' if label in {'AWS Access Key', 'Private Key'} else 'High'","condicionado por datos, politica y validacion del modulo"
src/scan_titan/modules/client_side.py,218,_cors,expansion dinamica,,,"condicionado por datos, politica y validacion del modulo"
src/scan_titan/modules/client_side.py,84,_reflected_xss,f'Reflected XSS candidate: {param}','Client-Side','High',"condicionado por datos, politica y validacion del modulo"
src/scan_titan/modules/cors.py,31,run,'CORS wildcard with credentials','CORS','High',"condicionado por datos, politica y validacion del modulo"
src/scan_titan/modules/cors.py,45,run,'CORS reflects arbitrary origin','CORS',severity,"condicionado por datos, politica y validacion del modulo"
src/scan_titan/modules/crypto_tls.py,34,_https_redirect,'HTTP to HTTPS redirect not enforced','TLS','Medium',"condicionado por datos, politica y validacion del modulo"
src/scan_titan/modules/crypto_tls.py,249,_modern_protocol_checks,'Modern TLS protocol support not confirmed','TLS','High',"condicionado por datos, politica y validacion del modulo"
src/scan_titan/modules/crypto_tls.py,55,_headers,'HSTS missing','TLS','Medium',"condicionado por datos, politica y validacion del modulo"
src/scan_titan/modules/crypto_tls.py,69,_headers,'Expect-CT header not present','TLS','Info',"condicionado por datos, politica y validacion del modulo"
src/scan_titan/modules/crypto_tls.py,142,_cert_findings,'Certificate CN/SAN mismatch','TLS','High',"condicionado por datos, politica y validacion del modulo"
src/scan_titan/modules/crypto_tls.py,113,_certificate_and_protocols,'TLS certificate validation failed' if validation_failed else 'TLS certificate inspection failed','TLS','Medium' if validation_failed else 'Info',"condicionado por datos, politica y validacion del modulo"
src/scan_titan/modules/crypto_tls.py,179,_cert_findings,'TLS certificate near expiration','TLS','High' if days < 7 else 'Medium',"condicionado por datos, politica y validacion del modulo"
src/scan_titan/modules/crypto_tls.py,160,_cert_findings,'TLS certificate not yet valid','TLS','High',"condicionado por datos, politica y validacion del modulo"
src/scan_titan/modules/crypto_tls.py,97,_certificate_and_protocols,'Weak TLS cipher negotiated','TLS','High',"condicionado por datos, politica y validacion del modulo"
src/scan_titan/modules/crypto_tls.py,210,_downgrade_checks,f'Obsolete TLS protocol accepted: {label}','TLS','High',"condicionado por datos, politica y validacion del modulo"
src/scan_titan/modules/headers.py,58,run,'Initial HTTP request failed','Availability','Info',"condicionado por datos, politica y validacion del modulo"
src/scan_titan/modules/headers.py,125,_csp_findings,'CSP contains bypass/evasion primitives','Headers','Medium',"condicionado por datos, politica y validacion del modulo"
src/scan_titan/modules/headers.py,143,_csp_findings,'CSP missing hardening directives','Headers','Low',"condicionado por datos, politica y validacion del modulo"
src/scan_titan/modules/headers.py,157,_csp_findings,'CSP object-src is not locked down','Headers','Low',"condicionado por datos, politica y validacion del modulo"
src/scan_titan/modules/headers.py,179,_hsts_findings,'HSTS max-age is weak','Headers','Low',"condicionado por datos, politica y validacion del modulo"
src/scan_titan/modules/headers.py,193,_hsts_findings,'HSTS does not include subdomains','Headers','Info',"condicionado por datos, politica y validacion del modulo"
src/scan_titan/modules/headers.py,213,_cache_findings,'Cache-Control may allow sensitive response caching','Headers','Low',"condicionado por datos, politica y validacion del modulo"
src/scan_titan/modules/headers.py,230,_referrer_findings,'Weak Referrer-Policy','Headers','Low',"condicionado por datos, politica y validacion del modulo"
src/scan_titan/modules/headers.py,78,run,title,'Headers',severity,"condicionado por datos, politica y validacion del modulo"
src/scan_titan/modules/headers.py,93,run,f'Information disclosure header: {header}','Headers','Info',"condicionado por datos, politica y validacion del modulo"
src/scan_titan/modules/infra_network.py,94,_server_config,'WAF/CDN signal detected','Infra','Info',"condicionado por datos, politica y validacion del modulo"
src/scan_titan/modules/infra_network.py,107,_server_config,'Server configuration headers exposed','Infra','Info',"condicionado por datos, politica y validacion del modulo"
src/scan_titan/modules/infra_network.py,166,_http_methods,'HTTP TRACE method enabled','Infra','High',"condicionado por datos, politica y validacion del modulo"
src/scan_titan/modules/infra_network.py,225,_rate_limit,'No rate-limit / anti-automation signal observed','Infra','Low',"condicionado por datos, politica y validacion del modulo"
src/scan_titan/modules/infra_network.py,122,_server_config,f'Potential vulnerable/obsolete version: {marker}','Infra','Medium',"condicionado por datos, politica y validacion del modulo"
src/scan_titan/modules/infra_network.py,145,_http_methods,'Potentially dangerous HTTP methods advertised','Infra','Medium',"condicionado por datos, politica y validacion del modulo"
src/scan_titan/modules/infra_network.py,199,_ip_blocking,'IP restriction bypass candidate via forwarding header','Infra','Info',"condicionado por datos, politica y validacion del modulo"
src/scan_titan/modules/injection.py,366,_safe_upload_probe,'Benign file upload probe accepted','File Upload','High' if reflected else 'Medium',"condicionado por datos, politica y validacion del modulo"
src/scan_titan/modules/injection.py,407,_finding,f'{title}: {param}','Injection',severity,"condicionado por datos, politica y validacion del modulo"
src/scan_titan/modules/injection.py,316,_file_upload,'File upload surface discovered','File Upload','Medium',"condicionado por datos, politica y validacion del modulo"
src/scan_titan/modules/lfi.py,127,probe,f'LFI / Path Traversal: {param}','LFI','Critical',"condicionado por datos, politica y validacion del modulo"
src/scan_titan/modules/paths.py,224,_try_403_bypass,f'Authorization bypass signal: {path}','Discovery','High',"condicionado por datos, politica y validacion del modulo"
src/scan_titan/modules/paths.py,246,_try_403_bypass,f'Authorization bypass signal: {path}','Discovery','High',"condicionado por datos, politica y validacion del modulo"
src/scan_titan/modules/paths.py,131,probe,f'Exposed or restricted path: {path}','Discovery',severity,"condicionado por datos, politica y validacion del modulo"
src/scan_titan/modules/race_conditions.py,112,run,'Concurrent operation violated configured success invariant','Business Logic','High',"condicionado por datos, politica y validacion del modulo"
src/scan_titan/modules/recon_surface.py,137,probe,f'Sensitive path discovered: {path}','Recon/Sensitive Exposure',severity,"condicionado por datos, politica y validacion del modulo"
src/scan_titan/modules/role_audit.py,87,run,f'IDOR: objeto de {owner} accesible por {name}' if raw.get('object_test') else f'Falta de autenticacion: recurso protegido accesible sin credenciales' if name == 'Unauth' else f'Autorizacion: recurso protegido accesible por {name}','Authorization','High',"condicionado por datos, politica y validacion del modulo"
src/scan_titan/modules/session_lifecycle.py,32,run,'Authenticated credential remains valid after logout','Session','Medium',"condicionado por datos, politica y validacion del modulo"
src/scan_titan/modules/sqli.py,146,error_probe,f'SQL Injection error-based: {param}','SQLi','Critical',"condicionado por datos, politica y validacion del modulo"
src/scan_titan/modules/sqli.py,230,_boolean_differential,f'SQL Injection boolean differential: {param}','SQLi','High',"condicionado por datos, politica y validacion del modulo"
src/scan_titan/modules/ssrf.py,158,probe,f'SSRF: respuesta del recurso remoto confirmada: {param}','SSRF','High',"condicionado por datos, politica y validacion del modulo"
src/scan_titan/modules/stored_xss.py,116,run,'Stored XSS execution after independent reload','XSS','High',"condicionado por datos, politica y validacion del modulo"
src/scan_titan/modules/unauthenticated_map.py,275,_analyze_saml_metadata,'SAML metadata appears inconsistent with scanned target','Recon/SAML','Medium',"condicionado por datos, politica y validacion del modulo"
src/scan_titan/modules/unauthenticated_map.py,260,_analyze_saml_metadata,'SAML metadata endpoint is publicly reachable','Recon/SAML','Info',"condicionado por datos, politica y validacion del modulo"
src/scan_titan/modules/unauthenticated_map.py,471,_findings_from_records,'Unauthenticated route audit generated','Recon/Unauthenticated Sitemap','Info',"condicionado por datos, politica y validacion del modulo"
src/scan_titan/modules/unauthenticated_map.py,488,_findings_from_records,'Directory listing enabled on unauthenticated paths','Recon/Exposure','Medium',"condicionado por datos, politica y validacion del modulo"
src/scan_titan/modules/unauthenticated_map.py,507,_findings_from_records,'Backup or editor residue files exposed in static tree','Recon/Exposure','Low',"condicionado por datos, politica y validacion del modulo"
src/scan_titan/modules/waf_resilience.py,177,run,'Perfil de WAF y filtros de aplicacion observado','Recon/WAF','Info',"condicionado por datos, politica y validacion del modulo"
src/scan_titan/modules/websocket_analyzer.py,60,run,'Protected WebSocket message accessible without credentials','WebSocket','High',"condicionado por datos, politica y validacion del modulo"
src/scan_titan/modules/xss.py,140,probe,f'Reflected XSS candidate: {param}','XSS','High',"condicionado por datos, politica y validacion del modulo"
src/scan_titan/Main.py,5839,build_target_classification_finding,"f""Objetivo clasificado como {('IP' if target.is_ip else 'URL')}""",'Recon','Info',"condicionado por datos, politica y validacion del modulo"
src/scan_titan/Main.py,5223,_nmap_script_finding,f'Nmap {profile}: {title} on {port_id}/{protocol}','External/Nmap',severity,"condicionado por datos, politica y validacion del modulo"
src/scan_titan/Main.py,3874,_parse_zap_alerts,f'ZAP: {title}','External/ZAP',severity,"condicionado por datos, politica y validacion del modulo"
src/scan_titan/Main.py,4196,_parse_whatweb,'WhatWeb technology fingerprint collected','External/WhatWeb','Info',"condicionado por datos, politica y validacion del modulo"
src/scan_titan/Main.py,4438,_whatweb_fallback,'HTTP technology fingerprint collected by fallback','External/WhatWeb','Info',"condicionado por datos, politica y validacion del modulo"
src/scan_titan/Main.py,4465,_parse_subfinder,'Passive subdomains discovered','External/Subfinder','Info',"condicionado por datos, politica y validacion del modulo"
src/scan_titan/Main.py,2541,run_wafw00f,'WAF o proteccion perimetral identificada por wafw00f','External/WAFW00F','Info',"condicionado por datos, politica y validacion del modulo"
src/scan_titan/Main.py,5705,_parse_nuclei_with_status,"f""Nuclei: {info.get('name') or item.get('template-id') or 'finding'}""",'External',severity,"condicionado por datos, politica y validacion del modulo"
src/scan_titan/Main.py,6662,_run_module,f'Timeout del modulo: {module.name}','Pipeline','Info',"condicionado por datos, politica y validacion del modulo"
src/scan_titan/Main.py,6679,_run_module,f'Modulo fallido: {module.name}','Pipeline','Info',"condicionado por datos, politica y validacion del modulo"
src/scan_titan/ssh_audit.py,91,parse,'SSH server offers legacy or weak cryptographic algorithms','SSH','Medium',"condicionado por datos, politica y validacion del modulo"
src/scan_titan/ssh_audit.py,98,parse,'SSH weak host key','SSH','Medium',"condicionado por datos, politica y validacion del modulo"
src/scan_titan/service_audit.py,203,add,title,protocol.upper(),severity,"condicionado por datos, politica y validacion del modulo"
src/scan_titan/network_audit.py,64,parse,title,'SMB',severity,"condicionado por datos, politica y validacion del modulo"
src/scan_titan/network_audit.py,55,parse,'SMB: autenticacion con contrasena en texto claro','SMB','High',"condicionado por datos, politica y validacion del modulo"
